[
  {
    "barangay_id": 1,
    "Barangay": "Ibabang Dupay",
    "Locality": "Lucena City",
    "Province": "Quezon Province",
    "name": "SM City Lucena",
    "type": "Mall",
    "description": "",
    "Address": "Maharlika Highway, corner Dalahican Rd, Lucena City, 4301 Quezon",
    "Nearest Landmark": "",
    "lat": 13.94050044,
    "long": 121.6246246
  },
  {
    "barangay_id": 1,
    "Barangay": "Ibabang Dupay",
    "Locality": "Lucena City",
    "Province": "Quezon Province",
    "name": "7-Eleven SM Lucena",
    "type": "Convenience Store",
    "description": "",
    "Address": "Maharlika Highway, National Road, Lucena City, Quezon Province",
    "Nearest Landmark": "",
    "lat": 13.94136563,
    "long": 121.6243421
  },
  {
    "barangay_id": 1,
    "Barangay": "Barangay 3",
    "Locality": "Lucena City",
    "Province": "Quezon Province",
    "name": "Pacific Mall Lucena",
    "type": "Mall",
    "description": "",
    "Address": "M. L. Tagarao Street, Lucena City, 4301 Quezon",
    "Nearest Landmark": "",
    "lat": 13.93722252,
    "long": 121.6090863
  },
  {
    "barangay_id": 1,
    "Barangay": "Barangay 9",
    "Locality": "Lucena City",
    "Province": "Quezon Province",
    "name": "Uncle John's",
    "type": "Convenience Store",
    "description": "",
    "Address": "Gov. Leon Guinto St, Lucena City, 4301 Quezon",
    "Nearest Landmark": "",
    "lat": 13.93138424,
    "long": 121.6127326
  },
  {
    "barangay_id": 1,
    "Barangay": "Barangay 6",
    "Locality": "Lucena City",
    "Province": "Quezon Province",
    "name": "MiniStop / Uncle John's",
    "type": "Convenience Store",
    "description": "",
    "Address": "Quezon Ave, Lucena City, 4301 Quezon",
    "Nearest Landmark": "Front of Lots'A Pizza",
    "lat": 13.93403936,
    "long": 121.6130236
  },
  {
    "barangay_id": 1,
    "Barangay": "Isabang",
    "Locality": "Lucena City",
    "Province": "Quezon Province",
    "name": "Alfamart",
    "type": "Convenience Store",
    "description": "",
    "Address": "Old Manila, South Road, Lucena City, 4301 Quezon",
    "Nearest Landmark": "",
    "lat": 13.94896524,
    "long": 121.5838902
  },
  {
    "barangay_id": 1,
    "Barangay": "Kanlurang Mayao",
    "Locality": "Lucena City",
    "Province": "Quezon Province",
    "name": "Alfamart",
    "type": "Convenience Store",
    "description": "",
    "Address": "Maharlika Hwy, Lucena City, 4301 Quezon",
    "Nearest Landmark": "",
    "lat": 13.95064794,
    "long": 121.6342729
  },
  {
    "barangay_id": 1,
    "Barangay": "Ibabang Dupay",
    "Locality": "Lucena City",
    "Province": "Quezon Province",
    "name": "Alfamart",
    "type": "Convenience Store",
    "description": "",
    "Address": "8 Enverga Blvd, Lucena City, 4301 Quezon",
    "Nearest Landmark": "",
    "lat": 13.94395122,
    "long": 121.6240202
  },
  {
    "barangay_id": 1,
    "Barangay": "Ibabang Dupay",
    "Locality": "Lucena City",
    "Province": "Quezon Province",
    "name": "7-Eleven Enverga 1718",
    "type": "Convenience Store",
    "description": "",
    "Address": "Old Manila, Old Manila S Rd, Lucena City, 4301 Quezon",
    "Nearest Landmark": "",
    "lat": 13.942417,
    "long": 121.6248891
  },
  {
    "barangay_id": 1,
    "Barangay": "Ilayang Iyam",
    "Locality": "Lucena City",
    "Province": "Quezon Province",
    "name": "7-Eleven 897",
    "type": "Convenience Store",
    "description": "",
    "Address": "82 Lopez St, Lucena City, 4301 Quezon",
    "Nearest Landmark": "",
    "lat": 13.93536146,
    "long": 121.6042178
  },
  {
    "barangay_id": 1,
    "Barangay": "Barangay 6",
    "Locality": "Lucena City",
    "Province": "Quezon Province",
    "name": "7-Eleven Lucena 2",
    "type": "Convenience Store",
    "description": "",
    "Address": "Profugo St, Lucena City, 4301 Quezon",
    "Nearest Landmark": "",
    "lat": 13.93564001,
    "long": 121.6131791
  },
  {
    "barangay_id": 1,
    "Barangay": "Barangay 11",
    "Locality": "Lucena City",
    "Province": "Quezon Province",
    "name": "7-Eleven Lucena",
    "type": "Convenience Store",
    "description": "",
    "Address": "Merchan St, Lucena City, 4301 Quezon",
    "Nearest Landmark": "Front of Sacred Heart College",
    "lat": 13.94004961,
    "long": 121.6144351
  },
  {
    "barangay_id": 1,
    "Barangay": "Barangay 1",
    "Locality": "Lucena City",
    "Province": "Quezon Province",
    "name": "7-Eleven Lucena",
    "type": "Convenience Store",
    "description": "",
    "Address": "Barcelona St, Lucena City, 4301 Quezon",
    "Nearest Landmark": "",
    "lat": 13.93853233,
    "long": 121.6133421
  },
  {
    "barangay_id": 1,
    "Barangay": "Barangay 8",
    "Locality": "Lucena City",
    "Province": "Quezon Province",
    "name": "7-Eleven Lucena",
    "type": "Convenience Store",
    "description": "",
    "Address": "122 M. L. Tagarao Street, Lucena City, 4301 Quezon",
    "Nearest Landmark": "Front of the Perez Park",
    "lat": 13.92942455,
    "long": 121.61228
  },
  {
    "barangay_id": 1,
    "Barangay": "Cotta",
    "Locality": "Lucena City",
    "Province": "Quezon Province",
    "name": "Alfamart",
    "type": "Convenience Store",
    "description": "",
    "Address": "Quezon Ave, Alfamart, Lucena City, 4301 Quezon",
    "Nearest Landmark": "",
    "lat": 13.92086693,
    "long": 121.6088414
  },
  {
    "barangay_id": 1,
    "Barangay": "Cotta",
    "Locality": "Lucena City",
    "Province": "Quezon Province",
    "name": "Alfamart",
    "type": "Convenience Store",
    "description": "",
    "Address": "Quezon Ave, Alfamart, Lucena City, 4301 Quezon",
    "Nearest Landmark": "1 Block away from Cotta Welcome Arch",
    "lat": 13.92627286,
    "long": 121.6119244
  },
  {
    "barangay_id": 1,
    "Barangay": "Dalahican",
    "Locality": "Lucena City",
    "Province": "Quezon Province",
    "name": "Alfamart",
    "type": "Convenience Store",
    "description": "",
    "Address": "Purok 2 Ilaya, Lucena City, 4301 Quezon",
    "Nearest Landmark": "Near South Emerald Supermarket",
    "lat": 13.90740193,
    "long": 121.6214541
  },
  {
    "barangay_id": 1,
    "Barangay": "Ibabang Dupay",
    "Locality": "Lucena City",
    "Province": "Quezon Province",
    "name": "7-Eleven Lucena",
    "type": "Convenience Store",
    "description": "",
    "Address": "Old Manila S Rd, Lucena City, 4301 Quezon",
    "Nearest Landmark": "Near Total Gas Station",
    "lat": 13.94436374,
    "long": 121.6291524
  },
  {
    "barangay_id": 1,
    "Barangay": "Isabang",
    "Locality": "Lucena City",
    "Province": "Quezon Province",
    "name": "7-Eleven Lucena",
    "type": "Convenience Store",
    "description": "",
    "Address": "Quezon Eco Tourism Rd, Lucena City, 4301 Quezon",
    "Nearest Landmark": "Beside Giant Gas Station",
    "lat": 13.95357143,
    "long": 121.5785976
  },
  {
    "barangay_id": 1,
    "Barangay": "Isabang",
    "Locality": "Lucena City",
    "Province": "Quezon Province",
    "name": "7-Eleven Lucena",
    "type": "Convenience Store",
    "description": "",
    "Address": "Old Manila S Rd, Lucena City, 4301 Quezon",
    "Nearest Landmark": "Front of Doctors",
    "lat": 13.94789858,
    "long": 121.5857263
  },
  {
    "barangay_id": 1,
    "Barangay": "Barangay 5",
    "Locality": "Lucena City",
    "Province": "Quezon Province",
    "name": "7-Eleven Lucena",
    "type": "Convenience Store",
    "description": "",
    "Address": "Old Manila S Rd, cor Abellanosa, Lucena City, 4301 Quezon",
    "Nearest Landmark": "Beside Dominos",
    "lat": 13.93674208,
    "long": 121.6110201
  },
  {
    "barangay_id": 1,
    "Barangay": "Barangay 1",
    "Locality": "Lucena City",
    "Province": "Quezon Province",
    "name": "7-Eleven Lucena",
    "type": "Convenience Store",
    "description": "",
    "Address": "Quezon Ave, Lucena City, 4301 Quezon",
    "Nearest Landmark": "Beside QMC and MMG plaza",
    "lat": 13.94148873,
    "long": 121.6133122
  },
  {
    "barangay_id": 1,
    "Barangay": "Ibabang Dupay",
    "Locality": "Lucena City",
    "Province": "Quezon Province",
    "name": "7-Eleven Lucena",
    "type": "Convenience Store",
    "description": "",
    "Address": "Moscow St, Geneva St, Lucena City, Quezon",
    "Nearest Landmark": "End of Geneve St from Gate 3 MSEUF",
    "lat": 13.95565412,
    "long": 121.620236
  },
  {
    "barangay_id": 1,
    "Barangay": "Gulang-gulang",
    "Locality": "Lucena City",
    "Province": "Quezon Province",
    "name": "7-Eleven Lucena",
    "type": "Convenience Store",
    "description": "",
    "Address": "Quezon Ave, Lucena City, 4301 Quezon",
    "Nearest Landmark": "Front of Camp Nakar",
    "lat": 13.95349596,
    "long": 121.6119514
  },
  {
    "barangay_id": 1,
    "Barangay": "Gulang-gulang",
    "Locality": "Lucena City",
    "Province": "Quezon Province",
    "name": "7-Eleven Lucena",
    "type": "Convenience Store",
    "description": "",
    "Address": "Tayabas - Lucena Road, Lucena City, 4301 Quezon",
    "Nearest Landmark": "Near Jollibee Diversion, Front of E-Jeep Terminal",
    "lat": 13.96174376,
    "long": 121.6094119
  },
  {
    "barangay_id": 1,
    "Barangay": "Bocohan",
    "Locality": "Lucena City",
    "Province": "Quezon Province",
    "name": "7-Eleven Lucena",
    "type": "Convenience Store",
    "description": "",
    "Address": "Maharlika Hwy, Lucena City, 4301 Quezon",
    "Nearest Landmark": "Near PTT Gas Station",
    "lat": 13.96160894,
    "long": 121.586898
  },
  {
    "barangay_id": 1,
    "Barangay": "Ilayang Dupay",
    "Locality": "Lucena City",
    "Province": "Quezon Province",
    "name": "7-Eleven Lucena",
    "type": "Convenience Store",
    "description": "",
    "Address": "Maharlika Hwy, Lucena City, 4301 Quezon",
    "Nearest Landmark": "Side of S&R, Near Lucena Grand Terminal",
    "lat": 13.96019904,
    "long": 121.6169135
  },
  {
    "barangay_id": 1,
    "Barangay": "Ibabang Iyam",
    "Locality": "Lucena City",
    "Province": "Quezon Province",
    "name": "Our Lady of Lourdes Parish Church",
    "type": "Place of Worship",
    "description": "",
    "Address": "38 Nadres St, Lucena City, 4301 Quezon",
    "Nearest Landmark": "Behind Caltex, Beside Quezon National High School",
    "lat": 13.9332891,
    "long": 121.6044203
  },
  {
    "barangay_id": 1,
    "Barangay": "Barangay 11",
    "Locality": "Lucena City",
    "Province": "Quezon Province",
    "name": "Carmel of St. Joseph",
    "type": "Place of Worship",
    "description": "",
    "Address": "Carmel of St. Joseph, P.O Box 59, Lucena City, 4301, Quezon",
    "Nearest Landmark": "Behind Mount Carmel Hospital",
    "lat": 13.94249229,
    "long": 121.6106549
  },
  {
    "barangay_id": 1,
    "Barangay": "Barangay 5",
    "Locality": "Lucena City",
    "Province": "Quezon Province",
    "name": "Saint Ferdinand Cathedral Parish",
    "type": "Place of Worship",
    "description": "",
    "Address": "Quezon Ave, Lucena City, 4301 Quezon",
    "Nearest Landmark": "Near Jollibee Bayan",
    "lat": 13.93607174,
    "long": 121.6123088
  },
  {
    "barangay_id": 1,
    "Barangay": "Cotta",
    "Locality": "Lucena City",
    "Province": "Quezon Province",
    "name": "Diocesan Shrine and Parish of St. Jude Thaddeus",
    "type": "Place of Worship",
    "description": "",
    "Address": "Quezon Ave, Lucena City, 4301 Quezon",
    "Nearest Landmark": "Front of St Jude Coop Bldg",
    "lat": 13.91751988,
    "long": 121.6071918
  },
  {
    "barangay_id": 1,
    "Barangay": "Ibabang Dupay",
    "Locality": "Lucena City",
    "Province": "Quezon Province",
    "name": "St. Isidore Parish Church",
    "type": "Place of Worship",
    "description": "",
    "Address": "Old Manila S Rd, Lucena City, 4301 Quezon",
    "Nearest Landmark": "Front of DadBod, Beside Star Honda",
    "lat": 13.94092835,
    "long": 121.6219867
  },
  {
    "barangay_id": 1,
    "Barangay": "Dalahican",
    "Locality": "Lucena City",
    "Province": "Quezon Province",
    "name": "St. Raphael, Archangel Parish Church",
    "type": "Place of Worship",
    "description": "",
    "Address": "Dalahican Rd, Lucena City, 4301 Quezon",
    "Nearest Landmark": "",
    "lat": 13.91401951,
    "long": 121.6165184
  },
  {
    "barangay_id": 1,
    "Barangay": "Gulang-gulang",
    "Locality": "Lucena City",
    "Province": "Quezon Province",
    "name": "Our Lady of Peñafrancia Parish and Diocesan Shrine",
    "type": "Place of Worship",
    "description": "",
    "Address": "Capistrano Subd, Lucena City, 4301 Quezon",
    "Nearest Landmark": "",
    "lat": 13.95552673,
    "long": 121.6064799
  },
  {
    "barangay_id": 1,
    "Barangay": "Isabang",
    "Locality": "Lucena City",
    "Province": "Quezon Province",
    "name": "Sentro Pastoral of the Diocese of Lucena",
    "type": "Place of Worship",
    "description": "",
    "Address": "Del Rosario St, Lucena City, Quezon",
    "Nearest Landmark": "Front of DLL",
    "lat": 13.94523017,
    "long": 121.5898575
  },
  {
    "barangay_id": 1,
    "Barangay": "Barangay 3",
    "Locality": "Lucena City",
    "Province": "Quezon Province",
    "name": "LCDRRMC Covered Court",
    "type": "Covered Court",
    "description": "",
    "Address": "Lucena City, 4301 Quezon",
    "Nearest Landmark": "Behind Metro Supermarket",
    "lat": 13.93640507,
    "long": 121.6077226
  },
  {
    "barangay_id": 1,
    "Barangay": "Gulang-gulang",
    "Locality": "Lucena City",
    "Province": "Quezon Province",
    "name": "North Employees Covered Court",
    "type": "Covered Court",
    "description": "",
    "Address": "871 Benjamen St, Lucena City, 4301 Quezon",
    "Nearest Landmark": "",
    "lat": 13.95119187,
    "long": 121.607381
  },
  {
    "barangay_id": 1,
    "Barangay": "Ibabang Dupay",
    "Locality": "Lucena City",
    "Province": "Quezon Province",
    "name": "Brgy. Ibabang Dupay Basketball Court",
    "type": "Covered Court",
    "description": "",
    "Address": "Villa Consuelo Subdivision, Brgy, Lucena City, Quezon",
    "Nearest Landmark": "Near LKS Security Agency",
    "lat": 13.94435857,
    "long": 121.6221716
  },
  {
    "barangay_id": 1,
    "Barangay": "Barangay 9",
    "Locality": "Lucena City",
    "Province": "Quezon Province",
    "name": "Basketball Covered Court (Helen Tan)",
    "type": "Covered Court",
    "description": "",
    "Address": "Milagrosa Subd, San Pedro St, Lucena City, 4301 Quezon",
    "Nearest Landmark": "",
    "lat": 13.93141833,
    "long": 121.6183939
  },
  {
    "barangay_id": 1,
    "Barangay": "Mayao Castillo",
    "Locality": "Lucena City",
    "Province": "Quezon Province",
    "name": "Mayao Castillo Covered Court",
    "type": "Covered Court",
    "description": "",
    "Address": "Mayao Castillo, Lucena City, 4301 Quezon",
    "Nearest Landmark": "",
    "lat": 13.92500666,
    "long": 121.6690457
  },
  {
    "barangay_id": 1,
    "Barangay": "Ibabang Iyam",
    "Locality": "Lucena City",
    "Province": "Quezon Province",
    "name": "Landing Basketball Covered Court",
    "type": "Covered Court",
    "description": "",
    "Address": "Landing, Lucena City, 4301 Quezon",
    "Nearest Landmark": "Behind Barangay Hall",
    "lat": 13.93146826,
    "long": 121.6010157
  },
  {
    "barangay_id": 1,
    "Barangay": "Ibabang Iyam",
    "Locality": "Lucena City",
    "Province": "Quezon Province",
    "name": "Ibabang Iyam Barangay Hall",
    "type": "Barangay Hall",
    "description": "",
    "Address": "Landing, Lucena City, 4301 Quezon",
    "Nearest Landmark": "Beside Covered Court",
    "lat": 13.93165538,
    "long": 121.6007978
  },
  {
    "barangay_id": 1,
    "Barangay": "Ilayang Iyam",
    "Locality": "Lucena City",
    "Province": "Quezon Province",
    "name": "Ilayang Iyam Barangay Hall",
    "type": "Barangay Hall",
    "description": "",
    "Address": "Torres Subd, Lucena City, 4301 Quezon",
    "Nearest Landmark": "",
    "lat": 13.93669791,
    "long": 121.6028124
  },
  {
    "barangay_id": 1,
    "Barangay": "Barangay 5",
    "Locality": "Lucena City",
    "Province": "Quezon Province",
    "name": "Barangay V Barangay Hall",
    "type": "Barangay Hall",
    "description": "",
    "Address": "Malvar St, Lucena City, 4301 Quezon",
    "Nearest Landmark": "",
    "lat": 13.93549918,
    "long": 121.6092282
  },
  {
    "barangay_id": 1,
    "Barangay": "Barangay 7",
    "Locality": "Lucena City",
    "Province": "Quezon Province",
    "name": "Barangay VII Barangay Hall",
    "type": "Barangay Hall",
    "description": "",
    "Address": "M. H. del Pilar St, Lucena City, 4301 Quezon",
    "Nearest Landmark": "",
    "lat": 13.93320596,
    "long": 121.6108011
  },
  {
    "barangay_id": 1,
    "Barangay": "Barangay 1",
    "Locality": "Lucena City",
    "Province": "Quezon Province",
    "name": "Barangay UNO Barangay Hall",
    "type": "Barangay Hall",
    "description": "",
    "Address": "10-18 P. Gomez St, Lucena City, 4301 Quezon",
    "Nearest Landmark": "Sabina Rd, Behind Pacific Mall",
    "lat": 13.93886095,
    "long": 121.6101709
  },
  {
    "barangay_id": 1,
    "Barangay": "Cotta",
    "Locality": "Lucena City",
    "Province": "Quezon Province",
    "name": "Cotta Barangay Hall",
    "type": "Barangay Hall",
    "description": "",
    "Address": "San Fernando Compound, Lucena City, 4301 Quezon",
    "Nearest Landmark": "",
    "lat": 13.92478396,
    "long": 121.6134835
  },
  {
    "barangay_id": 1,
    "Barangay": "Dalahican",
    "Locality": "Lucena City",
    "Province": "Quezon Province",
    "name": "Pamahalaang Gusali Barangay Dalahican",
    "type": "Barangay Hall",
    "description": "",
    "Address": "Dalahican Rd, Lucena City, 4301 Quezon",
    "Nearest Landmark": "",
    "lat": 13.90571357,
    "long": 121.6201403
  },
  {
    "barangay_id": 1,
    "Barangay": "Lucena City",
    "Locality": "Quezon Province",
    "Province": "Barra",
    "name": "Barra Barangay Hall",
    "type": "Barangay Hall",
    "description": "",
    "Address": "Barra Rd, Lucena City, 4301 Quezon",
    "Nearest Landmark": "",
    "lat": 13.89846023,
    "long": 121.6050602
  }
]